Portfolio_ID,Portfolio_Return,HHI
1,0.09446919502482766,0.2346084048396016
2,0.1311734107906016,0.03519212810155994
3,0.19743583529869121,0.06143415355756689
4,0.11239108092884051,0.03714843587071682
5,0.10972266828477839,0.26926538537875594
6,0.3088859838244213,0.2578111847449885
7,0.1181170871718406,0.06359076957557169
8,0.2121052674420542,0.0704459523296898
9,0.08892817159880051,0.0677046476480607
10,0.1335370785428521,0.07002786976713736
11,0.11944529680450491,0.03658146143695166
12,0.08173176475164476,0.06501127954223451
13,0.15246581666066025,0.06941513944261621
14,0.14236845517280983,0.24047994342199072
15,0.11753416039237713,0.03465742362602272
16,0.16068150775697676,0.24486599639739262
17,0.158071011829269,0.033321426559904985
18,0.07195602803277996,0.28770050625662835
19,0.13237470906097437,0.03721025307632268
20,0.09521135754019505,0.03455092366715719
21,0.031129669930261873,0.07036004223813547
22,0.16985579005764456,0.0681307464028254
23,0.10008500965665174,0.060560365330087074
24,-0.023972960580912712,0.25088014746542253
25,0.11041695267376342,0.03633049061505764
26,0.07760403411424323,0.0316174236915475
27,0.10479519770198754,0.062263744563512684
28,0.11889632165437752,0.2711205860656942
29,0.226516704756576,0.06841299090196565
30,0.016604284423845362,0.06652361730757596
31,0.16355157783334084,0.3541235823748482
32,0.006749047808738415,0.0714023234153299
33,0.09812244388605502,0.07047278613452729
34,0.11962743717469551,0.030661507947592797
35,0.09949663137927416,0.03291164158432357
36,0.05287731538339067,0.06459106997946795
37,0.05620585089442611,0.06331924278146375
38,0.27135046398440704,0.05751183335445374
39,0.11273821483924976,0.03558142525761103
40,0.13763383296031922,0.02958576572659533
41,0.12595619129748986,0.23942896660901367
42,0.08978005820907088,0.030241218788789007
43,0.10627033702250473,0.059374725311593206
44,0.11822914529010584,0.032739698334079824
45,-0.004703769090009569,0.0670201033441497
46,0.001272437458365635,0.07372202260594488
47,0.06857529722606864,0.06760618347325847
48,0.1051204550988684,0.061252209147777216
49,0.08847120561196092,0.07183898391997023
50,0.13890438910623232,0.06303677197794676
51,0.08462854126526974,0.06337638372516916
52,0.13812326191100563,0.030701756017432677
53,0.08276888573935942,0.07138192726521077
54,0.14351230602983497,0.2333759586129051
55,0.1957780354702268,0.3130041821674976
56,0.08781183655337697,0.250582527296399
57,0.1280897180171582,0.0355493565425748
58,0.10039977255263288,0.031967333090091046
59,0.180576511085593,0.21904216748964123
60,0.18176718692806781,0.033361241448661136
61,0.12695856344671505,0.033425661602125595
62,0.07998935006548001,0.06801586683596662
63,0.013193009802685014,0.2597215059493857
64,0.11045736705368023,0.0328631826992319
65,0.1240243967203255,0.031189669139962538
66,0.0778042022906876,0.07351028242156593
67,0.0997391002852107,0.02976449343796224
68,0.12653771856563678,0.06181390880803157
69,0.16871283314642235,0.06310779878324164
70,0.041557720043680885,0.06596724012591329
71,0.11419545981688212,0.032374980228627635
72,0.027972601476464524,0.22321900655743418
73,6.282540599956319e-4,0.06345873968689951
74,0.1176173126928499,0.03276127957666032
75,0.12696654730314738,0.2983527903783786
76,0.12023685194020461,0.34209108254811904
77,0.12540453454200226,0.03369880471961408
78,0.15882205743478922,0.3014860284857595
79,0.06728796244031142,0.0330768949748579
80,0.0859248319872506,0.03166126136723293
81,0.08663598698316329,0.03423850092803386
82,0.17252037924069727,0.06209736283803764
83,0.10841776070174902,0.32789118664038874
84,0.17590411740383363,0.21312168000527537
85,0.13072569936145856,0.07175956071562634
86,0.16673225218550786,0.21023211882083973
87,0.08871080662696681,0.06576138071313638
88,0.16701081642439033,0.03537797654801173
89,0.12161480453310095,0.030079713973265438
90,0.007535632180732192,0.06662637961524147
91,0.26751608143308364,0.25218111078294014
92,0.10344923558476507,0.0658732100149818
93,0.12918088349196583,0.03209013315834092
94,0.28487397998687036,0.2599583316116523
95,0.10787274497839293,0.059284172285244366
96,0.059294603506382125,0.032326779162807906
97,0.10124007640827927,0.07509906680216037
98,0.19048970650984842,0.06133434462318517
99,0.011739533281080112,0.22832765192426577
100,0.12034713204702613,0.06518232006483962
101,-0.07930019367285422,0.26543004837090667
102,0.11182957769674647,0.03303758112397932
103,0.04635991374071717,0.03761221538789419
104,0.211816730328113,0.06192164212699856
105,0.31298377797445515,0.2733782230466677
106,-5.776529519119352e-4,0.3379206668168808
107,0.1373065875463542,0.26852563352401015
108,0.09927989649502426,0.06918741207182845
109,0.08049474413462565,0.030451247444823557
110,0.04559106369739218,0.06716113736124456
111,-0.020193337414860152,0.22480308149435813
112,0.2828366457686916,0.2547786610449558
113,0.09071049878848737,0.20364061634935365
114,0.13900959100844643,0.22671297365429852
115,0.16577868141467136,0.03082430429687947
116,0.1596027316873757,0.07224004979804396
117,0.1285690801227014,0.03685884072046079
118,0.1190138598803535,0.03395912835734149
119,0.11170193146349622,0.03648555048126914
120,0.10500857585565732,0.031809721116190785
121,0.07225521187786443,0.056728882849668524
122,0.019699863848580856,0.26428312050966274
123,-0.04002433020085737,0.24251061518855674
124,0.16102273762046565,0.06753014036241645
125,0.09473145369554244,0.25998647517424883
126,0.0999802646494196,0.0645788668297981
127,0.1260866201131816,0.03207689103637486
128,0.0771807703407165,0.23531932915208473
129,0.1293159824159284,0.3390083448672755
130,0.16437891663147192,0.07700684589420094
131,0.11527018208626867,0.3081520715498122
132,0.008356436439194237,0.275991446039729
133,0.08712581966406456,0.3130831859515584
134,0.11805051908307555,0.06649964837286133
135,0.01545599181995175,0.23753700770589953
136,0.04621979424962074,0.21375951930077783
137,0.16767821307315905,0.03388303528152926
138,0.1685837605894387,0.03233416467637476
139,0.10284515072557164,0.0667951516094969
140,0.02840495942199889,0.2032278797383309
141,0.20475019567579777,0.06868764440750595
142,0.31451595030088825,0.209574981471996
143,0.24291266439464412,0.06683327234555536
144,0.2993418489803603,0.41689156307623393
145,0.10168661756137966,0.2408860474107874
146,0.14057677136197821,0.03187652905918876
147,0.1505832701551245,0.033385321552716174
148,0.14748551297983473,0.03623441303367768
149,-0.03213395799903313,0.2608051767079727
150,0.20584807509600997,0.06610773886579685
151,0.10181076801780438,0.03518363255703389
152,0.1643463112601133,0.03681875562518397
153,0.16873439010057534,0.2770736307386104
154,0.07100626027862726,0.2538717059198805
155,0.12429531203034479,0.03400021173795673
156,0.2043520128090499,0.06529866636172817
157,0.10691682741185163,0.30854212712751106
158,0.4395990233626843,0.26932372130997495
159,-0.05838710821298997,0.243266145800308
160,0.3779772478755112,0.3208357526649564
161,0.28530059222974485,0.25325354081442564
162,0.02388852955861222,0.06966471664055766
163,0.15156284713000537,0.06139311725712311
164,0.05344130708363444,0.034722504351021095
165,0.10822572341824463,0.033958621201346975
166,0.15094710370624753,0.06698112815770589
167,0.08395143819389526,0.06817484754777335
168,0.05909448249210668,0.07657991238509936
169,0.13398758415972845,0.03175425600056309
170,0.15125870092363175,0.24936640536649365
171,-0.05221898075813893,0.2598812184340904
172,0.13144901363109748,0.03329406701289601
173,0.1399869001306061,0.24482781531722575
174,0.11252460486427142,0.06873129104042458
175,0.05457302280287868,0.057998395029334536
176,0.22516323948595346,0.21807735026905656
177,0.1847004231518789,0.03522636286867559
178,0.07616136726985459,0.06624873171353464
179,0.1805401948098572,0.034341922515165546
180,0.2467452129895667,0.29298231653614487
181,0.38897345023305946,0.30124978668472163
182,0.2076895691126682,0.036517586565236786
183,0.15097852284784288,0.03454743659079575
184,0.1258808757576257,0.06347407341769573
185,-0.01906526873843925,0.3066015844211049
186,0.10415520619141425,0.03430170029031234
187,0.14597468506619862,0.033142500008077336
188,0.12363871333471879,0.03207258115108874
189,0.12865757976936348,0.07196795977347477
190,0.086657748618776,0.03630142356512653
191,0.15976859606497837,0.08005278665177899
192,0.2030831977924207,0.06275097407587446
193,0.08809009351115894,0.03163476089338263
194,0.15527925583225186,0.07033346815328023
195,0.1272636922687256,0.06283646391466904
196,0.08939426601934203,0.032896288302162596
197,0.15520568662057674,0.035023357188946
198,0.04884704650930473,0.2875119545284409
199,0.09800570918364757,0.22755854646492296
200,0.03872673781782105,0.05974248787073624
201,0.10141718497658306,0.06674222559110372
202,0.26009843992765036,0.06607127647324226
203,0.13003546466999696,0.06465242006306554
204,0.09815453128988481,0.031187458111717022
205,0.1463787728535871,0.06569820039136344
206,0.08943434442445847,0.0345207518090432
207,0.1675519669457443,0.07235574179635294
208,0.34591531520706864,0.291495484066075
209,-0.031549720855342446,0.22994494528438333
210,0.10114201428161843,0.061337199635800914
211,0.013017819320946474,0.06977466330837173
212,0.04083712162287666,0.0702295778982808
213,0.1554811049247187,0.07795966137224547
214,0.19805167591240502,0.23115875261827604
215,0.14595245010936023,0.03576836552573238
216,0.11091513932944137,0.06161618376593916
217,0.07569008168196702,0.0637159564940418
218,-0.060315213397302725,0.2539300291392551
219,0.14761123066329973,0.035740235794330444
220,0.12616346279719037,0.06617432980363197
221,0.2904006364719156,0.2103702391602276
222,0.24535325987277506,0.0629025263665331
223,-0.09300663532323106,0.2773355324834949
224,0.10261724925991952,0.2753319518372983
225,0.04575216113754238,0.07049498134727934
226,0.10189291445086496,0.034487942773249576
227,0.05106391378720084,0.03091250185492193
228,0.11661986997682584,0.033745060002020794
229,-0.017405573005908843,0.2420042763930633
230,0.15461443406358086,0.06152468555749915
231,0.10052890235140415,0.23545792763027845
232,0.0659266197462154,0.05862524891567578
233,0.12336200620428717,0.037643219395391336
234,0.008999273492745246,0.28009576460672825
235,0.35654902901855584,0.24110234452361964
236,0.17395346718518412,0.20891203866483696
237,0.08472008200358154,0.06331054253392666
238,0.022396471452617184,0.24350073624636334
239,0.09852283296794508,0.06585030459737902
240,0.0947480105238681,0.059976772335745776
241,0.13894375755999494,0.03424871282280203
242,0.15258455285582936,0.3820479810735863
243,0.0888204384140152,0.03068645283242475
244,0.05687850896242226,0.03320790185836514
245,0.24993084731893825,0.2685276100455611
246,-0.017694719559321778,0.07536405163318324
247,-0.007295954910864701,0.06569592563805322
248,0.09815673325316697,0.06750251295965515
249,0.19138589588091648,0.07396385366597363
250,0.14058972220187552,0.03167302631226854
251,0.1611036875423547,0.22907726982794538
252,0.08390411902097832,0.03299602459328352
253,0.12233963459101646,0.03137680689549513
254,0.4021353347137,0.2738292411270976
255,-0.02281770164470882,0.39065404001367443
256,-0.0022951925212087634,0.2659892247626593
257,0.023752313007224996,0.22974713092025187
258,0.17747152768898392,0.07494646335032072
259,0.08167545903809545,0.06476568512649865
260,0.06199997646623258,0.061715865268366615
261,0.13330308233865118,0.23958049515020097
262,0.3130513025277648,0.22561029156353155
263,0.16108044953323586,0.210199075107817
264,0.1358873916972396,0.06367090322884027
265,0.13960684862512185,0.23291142363304276
266,0.09035006740592948,0.07167368712423265
267,0.10164615343435615,0.21399421689507905
268,0.16290368904782052,0.06684598557593262
269,0.11202409647058588,0.07674929700643957
270,0.14240419692781486,0.03218144080965755
271,0.3910158530705973,0.43783002467301774
272,0.09638836246699405,0.03666290452643827
273,0.1373344271617105,0.0318309632501475
274,0.1751487758239884,0.058197214926018995
275,0.18976741497180838,0.07474668820048838
276,0.0942868523250311,0.06756527931614646
277,0.09732068783830465,0.06337831085676994
278,0.005105244462521237,0.22937625976311177
279,0.08931234992931864,0.03354135161961322
280,0.2681846064751025,0.2629837340504143
281,0.08826721296768592,0.06872014321203253
282,-0.04279753491215025,0.21482825062366998
283,0.10154740638534734,0.0351509987136913
284,0.13019771891853993,0.03218943360364039
285,0.2412899729062724,0.24637048067955983
286,0.18149660282076616,0.03553817098736339
287,-0.04052835304227834,0.28051106362055156
288,0.13887935819767114,0.03600991162653442
289,0.14850931811240303,0.03426983498119868
290,0.08569825881618401,0.07046560312260473
291,0.07169847897504897,0.23473062154324845
292,0.07497500881839234,0.259157774648407
293,0.43768378639958416,0.3219747915307561
294,0.19143023403761583,0.3301643212324598
295,0.16950160973906261,0.2809415603652479
296,-0.0226426373729125,0.23530374117217623
297,0.12930581604340372,0.07234519465365088
298,0.07392605468963932,0.032566197944189836
299,0.231048241677379,0.08934301485227408
300,0.13014456351991582,0.036654503335917375
301,-0.004548762574377325,0.06829410514384264
302,0.07349824234205013,0.06957885089684224
303,0.11229680532821788,0.06618763061064364
304,0.09960112991913501,0.03153395129710905
305,0.11581295944966521,0.07236408964645946
306,0.07125092364983215,0.06991669184148658
307,0.0719391852677104,0.0319895134455122
308,0.13784392363681822,0.06584832185710704
309,-0.05098318324938742,0.22226713596584288
310,0.182999287239907,0.03157823234520863
311,0.20814254076015434,0.29112106364173285
312,0.2294194218523639,0.20559930078376404
313,0.08719247667410072,0.0625039287106282
314,0.1587891260674708,0.06452019741554918
315,0.1077647449980925,0.2405694712609105
316,0.3606409722337663,0.2734559560784015
317,-0.18668118036424078,0.32678943040111724
318,0.09681563589541804,0.0320419084411893
319,0.027472630778359937,0.06191584202023338
320,0.1880529737367536,0.03248380810703455
321,0.11531180743553107,0.031150302552005387
322,0.11010529190565048,0.06927350309887466
323,0.13601497188533165,0.03135031311263384
324,0.16084846629062588,0.031247190781289236
325,0.1228088268222186,0.03042513334197472
326,0.11499382626000643,0.32367750085905894
327,0.16955028494628596,0.2990899503364825
328,0.031077414290112827,0.03549157172452242
329,0.04814420856337114,0.06678966612643343
330,0.12040629966272133,0.03435130082727498
331,0.08396438107795585,0.33757161637441196
332,0.0728995772993956,0.06219448997746633
333,0.09981101112546835,0.03179111053321277
334,0.17949724702121667,0.07218133437581757
335,0.10327836801602851,0.03136082681014757
336,0.09990434653520483,0.03273101007630237
337,0.18500133067348948,0.2595401996862524
338,-0.06966752597289567,0.31548575794643297
339,0.11513583249779238,0.03040972047114343
340,0.04742583921974161,0.32520665833988266
341,0.14804790038639015,0.2157987427432593
342,0.18342027049603785,0.0670350199379088
343,0.0940029228983794,0.24283773049575197
344,0.07221290038734371,0.06461575870835314
345,-0.012486491959018547,0.35028863435500496
346,0.11843621835185315,0.06544197079493942
347,0.08524560163572176,0.06957700224202723
348,0.09333852327237308,0.036935855123380774
349,0.15645105893620825,0.2326346286632281
350,0.5783991809588098,0.2624239173746228
351,0.43038599714925635,0.2220398923184601
352,0.11421471313572834,0.03100681636000512
353,0.07433008028155108,0.03355377555539905
354,0.11665230993182678,0.34341794789020325
355,0.07076404977084953,0.06763647540452078
356,0.12364388474422239,0.23216353448220736
357,0.08946580019721531,0.0633206432377396
358,0.06848504641427251,0.056947243358034624
359,-0.022813204733011874,0.333010248752044
360,0.082814520977248,0.05864698987798032
361,0.06845431676347184,0.06878198158559577
362,0.01787387354434633,0.03238912887423585
363,0.24346023697404642,0.2932189372104325
364,0.16011538964553426,0.23360511991601343
365,0.10850424958825802,0.031263172554157635
366,0.18414782736201185,0.06501524729901272
367,0.021585262811215613,0.30589912029920235
368,0.11914801273691981,0.3957189144231994
369,0.004158811348286448,0.0790764898001988
370,-0.03155945696994666,0.3189749561322121
371,0.04643489304464206,0.24143252457321865
372,0.10347181912083371,0.07192855084804194
373,0.10323326000553461,0.22682275782715086
374,0.07780881052167403,0.07231843834974475
375,0.0902265373418041,0.031742973611825286
376,0.1907378245371864,0.06330686326033787
377,0.026244103421334906,0.06491484417098528
378,0.05025651235071569,0.06886306570126745
379,0.10854040749406557,0.06844901517868728
380,0.16555839650642065,0.06447425332515787
381,0.14419199547330466,0.07933009137900125
382,0.07112343050729714,0.03638197393791988
383,0.06671335043800224,0.2443365361945896
384,0.07710871342118665,0.03387779059778825
385,0.1240621988365859,0.03174761003615616
386,0.03514080016771395,0.06454108400785412
387,0.147859005675391,0.23841751613440795
388,0.1309945763898547,0.029160736656385737
389,0.10137728785952106,0.035732305911952124
390,0.12324690448782373,0.31942962656378204
391,0.12636275593273147,0.06858877084214474
392,0.36305669570679766,0.2581942315741964
393,0.3856282223385946,0.3004674577284136
394,0.08869701301665782,0.21799514689003857
395,0.009301851611466825,0.06147067207301607
396,0.09120957398864836,0.07736330544953822
397,0.14360402931417,0.03460479803759363
398,0.05004290953142054,0.033869769888431614
399,0.11803751605775362,0.033701074642154334
400,0.14717111178847703,0.036016621928640406
401,-0.07360950493575477,0.22828799591947802
402,0.42525985270689914,0.23354924545518774
403,0.004265115139442965,0.2783247138153564
404,0.12153306688276674,0.21944347304711673
405,0.0859213877619904,0.034050290974556315
406,0.2798896963913967,0.2707831019128626
407,0.11356085869315981,0.034061738980704775
408,0.035189152659880554,0.27271561242029985
409,0.04244265329308115,0.07518650444161133
410,0.21896104599590227,0.05717285670660706
411,0.06432270201000921,0.03508534848886889
412,0.036831877385876184,0.2445036910443841
413,0.043211066551478806,0.03282149958670424
414,0.10992363871074942,0.03411920802163933
415,0.1712620141490681,0.058342684741416746
416,0.5029452600288139,0.269079623014926
417,-0.01779694659313324,0.2292932031784081
418,0.27148422355901014,0.38264140653257955
419,0.10209505734432453,0.032117341349722925
420,0.0941844432598177,0.03394915248174274
421,-0.018611098861371352,0.2515337528508224
422,0.13958352619641515,0.07349110349550272
423,0.1142417563114498,0.029943640194802137
424,-0.09187854119963924,0.28967436860913964
425,-0.06081277920768434,0.23581966614491198
426,0.10405104089301886,0.0585257538692482
427,0.11477021091582065,0.05731409744483306
428,0.05149477720146339,0.06638833717724751
429,0.23497788458387633,0.05636673960746386
430,0.2608440297214396,0.21462353486382096
431,0.1498746904617599,0.07023406235403869
432,0.2454434053469797,0.07613487047818165
433,0.10653681238541515,0.06858342089076788
434,0.13997769847685607,0.03356439562679896
435,0.05189903050456041,0.06335897640553227
436,0.22683721730468256,0.273173095143258
437,0.10297392408936534,0.03447524111502718
438,0.11836662503603101,0.035022878552214164
439,0.10245343389511259,0.06884181288899298
440,-0.07309631803983947,0.23629728298764743
441,0.09157766519031592,0.031275148140002915
442,0.15886848390171426,0.03180094253562902
443,0.2628801078422897,0.06735158747167966
444,0.20453014374075182,0.31935721212307305
445,0.040958474177028796,0.20214832683984332
446,0.10282748922169736,0.2284131409547155
447,0.07306993555398386,0.2453312798666115
448,0.10669156818168146,0.06435721076314645
449,0.12886052092628564,0.03488611059834075
450,0.0904531044742702,0.06764435340186012
451,0.09594527491711498,0.032105765679002495
452,0.09883357224921203,0.033074404824678716
453,0.15238609611366719,0.031974899754838665
454,0.15492597195898028,0.034213087953761386
455,0.5888854307836607,0.252342751706709
456,0.03129405646861331,0.2653321598472202
457,0.1593542935045932,0.030994985487002434
458,0.047577172875360944,0.3565477922711051
459,0.025980402267355738,0.38630538034395673
460,0.08605668353189497,0.032667207180613986
461,0.07052955867064672,0.06255322717507845
462,0.2295411407742427,0.2310755732593028
463,0.08544507297967151,0.030971686763368644
464,0.20566651366388364,0.06449533717039371
465,-0.06751711282632938,0.3622768908661769
466,0.08207661171843636,0.06674148866782324
467,0.09704034339264213,0.07870746977747578
468,0.06759150613445,0.2929322697374751
469,0.01802371441496742,0.21935183389434465
470,0.10207032468212157,0.034692417772615
471,0.17863658837557736,0.032718318620294944
472,0.2635814101942216,0.2693668341608233
473,0.030314159188632353,0.058925491752677944
474,0.09047571431482174,0.06389912496456117
475,0.1528707148657249,0.033409907697986796
476,-0.01223913688653517,0.2434942636402299
477,0.11782479292754051,0.3907712001762565
478,0.1063998962296466,0.2776695632320431
479,0.2126726971472567,0.2994848301694697
480,0.11393073939207303,0.03333425769192977
481,0.13052629374461155,0.03416187695227986
482,0.14072148033809193,0.0646023081946667
483,0.08818541953543993,0.22279087915227877
484,0.16223118719547397,0.031050874374728813
485,0.07937037030901134,0.029815095586434873
486,0.05149922872213236,0.06809072407183842
487,0.08742213442538993,0.2527242915470278
488,0.13022273413407254,0.03603761614956104
489,0.02662863579318784,0.06634768970142392
490,0.1331263597428587,0.03596252894512211
491,0.1333423016434585,0.03209475007161884
492,0.04892009026076061,0.03193443350835233
493,0.1584904962488307,0.06934290254465944
494,0.48349366154457646,0.2748180681834444
495,0.08568116137889378,0.2981887485253609
496,0.06080930958740783,0.2571772365801153
497,0.12965590601991392,0.03492191776086728
498,-6.111901663177046e-4,0.26151836178608767
499,0.1255967686935508,0.2184806122172248
500,0.1994538456106026,0.26512181109300914
501,0.10993444093064342,0.03239997688905984
502,0.04273870967109469,0.07554630333938571
503,0.1572334607393661,0.035041628091004105
504,0.13955278368312396,0.03741705701492769
505,0.15238148407780866,0.06607098814145757
506,0.05050717111170772,0.22855030947369365
507,0.11789449769375407,0.06154438212134664
508,0.11475267264496054,0.03291263431265854
509,0.006639117642666547,0.26957955038253734
510,-0.06733710746683419,0.268040724648236
511,0.20588700741436386,0.25738378013842866
512,0.14442021191393475,0.22822327919753746
513,-0.09132224477668106,0.2701829336381547
514,0.15325827016885482,0.06238664466121434
515,-0.08651662379236567,0.25869176842655955
516,0.06643132049490803,0.03519167880865351
517,0.13304289350656465,0.0315606963332259
518,0.08266913419319,0.07670621884720567
519,0.10402701164909214,0.06203892798489122
520,0.14896631788968792,0.07363917719224426
521,0.009554596304327718,0.23309634412842684
522,0.1151359398316942,0.3302326621084461
523,0.09605891883442365,0.06829579944752392
524,0.1836822594539972,0.2182590485948788
525,0.07237804641427056,0.06016077160587193
526,0.2131040337305911,0.0643616938134018
527,0.14933704975987497,0.03586994503966896
528,0.06285647578388912,0.034707715770008224
529,0.12592118924542672,0.061886202534229044
530,0.11263204583494327,0.21614980015029672
531,0.14109107047202504,0.2801715473359131
532,0.14329245190107845,0.03270652618574829
533,0.10425455920361626,0.033557815529835965
534,0.05772770446876943,0.061985044828766975
535,0.0991129849428551,0.06743588320172951
536,-6.042304301774569e-4,0.3328499729705078
537,0.07124580807711482,0.03279528927398599
538,0.38457069559812573,0.28777231493384753
539,0.12945250933813177,0.06086135062571663
540,0.13251318603193746,0.4499492895667487
541,0.13674550055840218,0.03473703542654835
542,0.11743104559783184,0.0343881688641694
543,0.22188824035704122,0.07144650810228592
544,0.13503833433825987,0.037342432235076176
545,0.052736003726289143,0.23578584342841705
546,0.07201627887638502,0.06695841298401313
547,0.030393751739156018,0.0816019852157011
548,0.1248750857947788,0.0328041005188794
549,0.2632879929216869,0.253938195687413
550,0.008808626541868344,0.2167589388317941
551,0.10553205257325111,0.03367333226887273
552,-0.047195384667877684,0.2690617497663816
553,0.18039693606801865,0.06933286602681837
554,0.06300423522817589,0.06471681920340246
555,-0.011097357733535776,0.0675527977138197
556,-0.0022617524716905023,0.06884834245861049
557,0.12423447704447603,0.031229152222081256
558,0.08373311345369779,0.03494415744639091
559,0.1382786271092929,0.03237898221166298
560,0.04174448943596772,0.0583154612849708
561,0.09348337300018995,0.033012453587619756
562,0.1413379288390024,0.05979339720200659
563,0.0890737513119795,0.035740319300040624
564,0.09577091381845056,0.030698253847465367
565,0.160371330619704,0.2320900570260049
566,0.16450496723154676,0.03165604398432865
567,0.09052124728191317,0.034818462286660266
568,0.12445537081183881,0.03257117440997637
569,0.10715492879288281,0.032074510924985165
570,0.13387127980705463,0.03359091360830659
571,0.1679257786616596,0.03214596920237189
572,0.00765697623269619,0.08571721247432723
573,0.11473754322552868,0.06371652922733854
574,0.10018046641793245,0.033535560108782454
575,0.11414002147730208,0.03044277488001683
576,0.25259771056098335,0.2572784289065797
577,0.16877736472099533,0.2508345693928138
578,0.16075065190363527,0.034176830383232285
579,0.1823125112933482,0.2920968514547642
580,0.13671778738648518,0.07746514157904397
581,0.11953835944461745,0.029837639427836505
582,0.1460402089378181,0.031430410557899996
583,0.1176608404135577,0.06317952356732563
584,0.18912621015954473,0.2799212366316868
585,0.3722001859340673,0.3205831045943722
586,0.13356399436271757,0.0318161024697947
587,0.28021948447651934,0.245371012904147
588,0.37785020319239854,0.22116866956186196
589,-0.027350166529717945,0.2819351503108756
590,0.13935090661800528,0.03273237908256001
591,0.13702350217418588,0.27112725665889803
592,0.12369518618003209,0.03403076101201193
593,0.13939442406174254,0.06005977803988708
594,0.09556903098241303,0.2586278783196446
595,0.2962233982363728,0.2539290129612192
596,0.01329305117905742,0.07501207072844375
597,0.07879699643651461,0.0702106634951172
598,0.11095364247313061,0.2434070059990881
599,0.25998126464324633,0.20324897854200322
600,0.11523573962249212,0.031762425436933854
601,-0.026073872115074264,0.23273267621051802
602,0.09525185993918858,0.036083970982293045
603,0.29997505959351833,0.22997286776160158
604,0.3799670276982931,0.2552553226413423
605,0.1075312464273183,0.033148862817297536
606,0.11070057343251566,0.0681726725545315
607,0.3589882920030235,0.26365931222684685
608,0.13721398142090147,0.033873274085786144
609,0.15283270852808797,0.06801750343169485
610,0.08751080870928693,0.05922972938713633
611,0.10605366724485112,0.03603615336322156
612,0.17971991454243086,0.06689218122040633
613,0.11609157113917572,0.032135052254687824
614,0.01655049056489627,0.06733075412172655
615,0.13806052050182913,0.06157281757800112
616,0.13856508809696602,0.037808310244793995
617,0.15637883904919903,0.23245606289479145
618,0.16357419094645204,0.06773258637735133
619,0.19695006068483364,0.0719938012906673
620,0.029852649105309013,0.21983974594218256
621,0.13702262773065985,0.034658282817076745
622,0.12061789662148084,0.06683474705647438
623,0.09437496149711468,0.07022632129708066
624,0.14537044523741538,0.06486119377743146
625,0.13057512045392416,0.29343816013534424
626,0.1595123517313375,0.04029538956865673
627,0.08005236101981135,0.07002110664772686
628,0.0911801841620846,0.03098075369275992
629,-0.022587578974963444,0.21099472936714436
630,0.14085272839614343,0.033305496463830166
631,0.047636960772718256,0.31454819648125537
632,0.3591834181681166,0.23946514853442233
633,0.07930462710990221,0.07580908221339225
634,0.06866383063100166,0.2180599727201569
635,0.09699714187941359,0.034944254159817376
636,0.05449555011193872,0.2702546856356633
637,-0.0094178717618527,0.2882708191011985
638,0.09081497973903377,0.06934938865724428
639,0.013421886916703216,0.22744917823394575
640,0.05165979598115309,0.06728326015369922
641,-0.03972716609150001,0.32832633713667275
642,0.09353132680810462,0.06227801624964393
643,0.08457214610293537,0.03217871841590254
644,0.27418288523823814,0.219437927825916
645,0.09868302630375494,0.034544679058936746
646,0.11723211058672196,0.03383635058118821
647,0.08927900423957898,0.07381165525589564
648,0.0971611650353426,0.03530509674910626
649,0.4595965600596515,0.26364893550727386
650,0.09878203040521726,0.056908328850274144
651,0.16471030742768292,0.08116950858932714
652,0.15647289792730718,0.03366989617496548
653,0.14930981370115695,0.03354784589375869
654,-0.09719790227149833,0.27396738649143404
655,0.13335880884151424,0.03267239723474977
656,0.16496968665534895,0.07828042756717843
657,0.091610914331136,0.07370604313799506
658,0.08701437410823964,0.02980722829605806
659,0.1279523492304536,0.03193361928550756
660,0.13446929298524002,0.03173886567018128
661,0.0992597933420467,0.23718667434438107
662,0.08320712149756719,0.03816057336337556
663,0.15954801755756606,0.06703430868416972
664,0.14963533378846688,0.22669280914949452
665,0.1009107107077726,0.03274687828311284
666,0.14514575719305958,0.06865852281254446
667,0.11108877353702902,0.03311500184013652
668,0.21832623049711292,0.32560522946729625
669,0.17777334441895684,0.05798458127803308
670,0.12439797817372403,0.03222227325931313
671,0.03528860709791633,0.2990478303074979
672,0.09143428981968237,0.06409135894289417
673,-0.00819429799762772,0.2679059574717695
674,0.06899199696855922,0.07763027222302249
675,0.09622084733848286,0.06727238224358768
676,0.12898855349106292,0.033525808563437925
677,0.10730612254828228,0.24910714179666366
678,0.17541197624769342,0.06278741224095714
679,0.06755363855101147,0.03322778867648017
680,0.09910512197921542,0.05914215349725926
681,0.140739665680296,0.03174900960843349
682,0.00309448340984474,0.06186863481702994
683,0.14768259703220749,0.08403975718566795
684,0.04891809143240857,0.03370968181620052
685,0.09923609001870126,0.030523632958132967
686,0.08946778335692503,0.0350969562690321
687,0.135175913357439,0.07583015610611342
688,0.11960696648543602,0.06491770564676125
689,0.016287479785118096,0.2072162856892073
690,0.5833314710726871,0.21570139740356645
691,0.14808214254390903,0.035968963966002174
692,0.11755605070562314,0.032547114680737156
693,0.17783346409499917,0.06746390200101691
694,0.12705426661922922,0.03514286708731867
695,0.1906372167786796,0.21244367978659676
696,0.05559447921525256,0.0617341417575099
697,0.4275620959216622,0.27730075906448354
698,0.03893849317535703,0.06895448846638139
699,0.2853541511603473,0.08040489617346308
700,0.09381042631960237,0.23197686374975263
701,-0.004093873087456195,0.32727459225571365
702,-0.02115692572628822,0.2880136219408383
703,0.11443302191474863,0.06205760224579424
704,0.12364120377798143,0.03301564694473931
705,0.2030462650671098,0.25292849368671094
706,-0.013300840930790233,0.24616789649859663
707,0.06544175376711993,0.34168672897640745
708,0.07985670228100783,0.03447467608885249
709,0.14863444774180185,0.033198128997285616
710,0.15648406838298112,0.06525298060129249
711,0.17133144059460687,0.36304210066220244
712,-0.020826127188476738,0.47213996141005016
713,0.23893880677589804,0.22094719478407898
714,0.10653731456766907,0.06424335481426487
715,0.16314813987594173,0.31900911410982735
716,0.024735321228255634,0.03443691880431336
717,0.13051968709044054,0.20115078964701533
718,0.18638653775041097,0.23231413646638657
719,0.14277564179858743,0.0335947017656416
720,0.09554527383122868,0.02978066190386033
721,0.0678273219902387,0.0657026269942549
722,0.2878576351011622,0.20545198185769897
723,0.13529196542462388,0.07549742504653661
724,0.22977943098319312,0.2571796898501117
725,0.11885956827437767,0.03262013405848601
726,0.2956554526885714,0.06708985198634532
727,0.1444437632697374,0.06250984258811164
728,0.13777867597429608,0.2112896299249928
729,0.08853016531472194,0.31034111661673336
730,0.13311892906759223,0.033148756821932863
731,0.05306759870577647,0.06412462591921007
732,0.12519816517397436,0.07254609313817094
733,0.07090795289105173,0.07001710076718709
734,0.08832137577315119,0.030600703650620252
735,0.17616260976525067,0.21031176783514025
736,0.07649556098516706,0.03136065549741287
737,0.11810066511605562,0.03573530816716421
738,0.20968539818792542,0.06903559554753454
739,0.12845472441623457,0.07271221040835546
740,0.15078512366952357,0.06720524338662774
741,0.2599417848925955,0.23079913298987173
742,0.19549167418917646,0.06819051641949729
743,0.019228670698350565,0.06695566346953431
744,0.0424442985097172,0.06301438582308212
745,0.08126759850387615,0.030061162122545327
746,0.10016743606449066,0.03254531014615966
747,0.05580975511384577,0.06548355695572428
748,0.14275924973089704,0.030312198918028055
749,0.15538219552560534,0.031853058762493905
750,-0.07159163907986377,0.22187012329133296
751,0.14670753324054192,0.03168614285653211
752,0.14493956725396195,0.03442343195262881
753,0.08674302320973791,0.034210906349604414
754,0.21386622450647425,0.23510942420970404
755,0.15140052334285475,0.08225823857366171
756,0.07543505420483836,0.03400338022036449
757,0.12602993561475462,0.037091576376209356
758,0.16976421252622118,0.03744437644093992
759,-0.05565582603451243,0.24696510478223632
760,0.05622292409734445,0.03248569439617978
761,0.04620521990713851,0.06455193621223339
762,0.1284935064477604,0.06717156903944382
763,-0.011948448562523832,0.324116520047421
764,0.12221474176873649,0.03449116508115161
765,0.18336897200242636,0.0698893629990695
766,0.16386222752207338,0.03531673432972887
767,0.03132208923405605,0.03274736621045722
768,0.18718530954538506,0.07368016632007196
769,0.086130002192407,0.031630249341028906
770,0.18161653303965314,0.2110688746934359
771,0.11859135665021077,0.08141216412816857
772,0.08141303188192071,0.06578187767918184
773,0.15257813483786994,0.032227889262637574
774,0.0941766587715204,0.03912492060738853
775,0.09639491937280777,0.03424574496838678
776,0.19396447230867295,0.03056238710975306
777,0.020804218413273904,0.22173037054660763
778,0.1096293827642812,0.07793653433964923
779,-0.00363885881746323,0.07135039500754502
780,0.12144574210481131,0.06692321617293681
781,0.23519097648053736,0.07447607442651046
782,0.0579604864167932,0.07007359057375576
783,0.10661981085334163,0.07027049892476775
784,-0.02674446439226689,0.3250736505015838
785,0.10021967844538457,0.03190550883993115
786,0.17026410535001005,0.036005715031296494
787,0.0963989055767307,0.2655795056825585
788,0.2722628837742844,0.232689502754006
789,0.14806421348165344,0.03301762056383381
790,0.12161892028716281,0.03236703466942798
791,0.1242544368650385,0.06380509941443722
792,0.4568693126706123,0.2632353639623404
793,0.2613001145730662,0.25121756695991365
794,0.09924635332110761,0.033320437118380876
795,0.12636373961486846,0.03132835359872796
796,0.1623522005449039,0.3120262021174551
797,0.1016319748384907,0.06392581084050725
798,0.14819987815105368,0.2951017392692853
799,-0.06902990091240624,0.4005229941760323
800,0.04531946163853182,0.25177009539595896
801,0.21425774992770372,0.06550935474988769
802,0.14611387773989162,0.03341060162128804
803,0.16184880292608622,0.03412632295962925
804,0.19699606666102637,0.3442385306789131
805,0.2159548061314929,0.21943362536340422
806,-0.03823449476356714,0.29648372436771914
807,0.13023968863668792,0.031032416079243945
808,0.14804723131733394,0.05932235868381557
809,0.09733232888505104,0.07406906292386076
810,0.11651309872451823,0.03438692105403818
811,0.2614863440820112,0.3129873851511177
812,0.02970183871003659,0.28158090167405
813,0.14494983023900707,0.21804249897433492
814,0.08706853125133844,0.0324586656122144
815,0.07219166401305109,0.03212004161338987
816,0.07921920428634421,0.08568701961228546
817,0.10167582086142608,0.033277660996789464
818,0.008533345580753776,0.2745649554875109
819,0.1148812268738519,0.030962116189625234
820,0.09135339342494288,0.03329942455887677
821,0.13233807022300678,0.030790455985579834
822,0.1037606284582589,0.2556384965501425
823,0.3886848035264946,0.29319438118906677
824,0.05587374737942434,0.055244480459156045
825,0.05094223099781724,0.07391980501361334
826,0.14754009613031957,0.07955094292576483
827,0.17958344815660698,0.03345651693536369
828,0.07936816256490739,0.05903609080227448
829,0.19977093592033845,0.06949161536349442
830,0.44005321947178916,0.2649357340932672
831,0.04709310291677228,0.05876502130848879
832,0.0684041296132143,0.24232433302777354
833,0.12412763342654445,0.058670745242758275
834,0.035809194480584394,0.2250500239265425
835,0.16802581916969564,0.06245371676409974
836,0.19026281538013012,0.26728652004597214
837,0.18294278792185678,0.27430822546535716
838,0.17427346357775547,0.05830676943693179
839,0.17417658080189546,0.05725120519616517
840,0.06109514524057402,0.24724157393879595
841,0.15479693759371377,0.03035575616545342
842,0.14813537982522731,0.07360567911329315
843,-0.021177417086012347,0.2821368472340584
844,0.1105155360438305,0.06177427769847927
845,0.09168155310212246,0.06551210652674817
846,0.06105415178489406,0.2216083972710263
847,9.81850453191214e-4,0.2479748935250979
848,-0.08820465720827961,0.2524741187205846
849,0.1655760054537451,0.03234971880918924
850,0.13360978272973537,0.03481748466907638
851,0.09898759379769537,0.03129087998358127
852,0.08554018465812244,0.27420481517505624
853,0.53391092315869,0.22762087676215517
854,0.178449423430852,0.06325079214621851
855,0.11308923243894668,0.21029290599996492
856,0.15394510537843925,0.03338282328317153
857,0.08745533309354728,0.03250755556260209
858,-0.0050527086306480905,0.055894730684003524
859,0.11334758341612348,0.030904498856528042
860,-0.11180020031930682,0.2103651919970996
861,0.1282092848448947,0.23143090694358323
862,0.1516123828888353,0.03342646804349126
863,0.1330552245317336,0.060714560542192895
864,0.0992731043343847,0.03432296620803659
865,0.1790308515946342,0.03323107569529842
866,0.005939346199630228,0.3159029372446027
867,0.10740843963602091,0.20662884125286174
868,-0.08052283578878708,0.376129433393023
869,0.023009137774800407,0.06654201127635573
870,0.09156589376499961,0.030775914614270997
871,0.2654049693917744,0.06921720410318818
872,0.08435536281209484,0.06028879866012298
873,0.14059459890200648,0.06719113340300963
874,0.11343172564038584,0.05907928148189851
875,0.35155781214404536,0.2795973391008698
876,0.05168988690361283,0.2661715266848681
877,0.06694568972638393,0.035777938115944215
878,0.26645106344490277,0.2936886584286691
879,0.1489712134904793,0.3128944291814853
880,-0.012829845692162178,0.2734700454670492
881,0.133565920171017,0.06637297518432571
882,0.06290238040480993,0.24356777980988445
883,0.0942279169979857,0.04257039227283596
884,0.14864373350843565,0.03343863909727134
885,0.10652944055304116,0.03207269699474126
886,0.17179573441900547,0.06954095946258174
887,0.060767197737225276,0.27460174032796747
888,0.10987480244239221,0.031198735081954476
889,0.13055069557947047,0.06449657452489335
890,0.165033339523736,0.20938969810649832
891,0.06931442614841311,0.29561647599064994
892,0.19903300885212977,0.21363502736286036
893,0.04022826698951531,0.03589927127690618
894,0.041963540586430655,0.05977023039394546
895,0.11522369577240855,0.0701768535381287
896,0.0734323759716848,0.032741606529467525
897,0.15263213852360655,0.03197279938692162
898,0.11796770400818984,0.03200618617915707
899,0.014435958700727225,0.2204198346795496
900,0.12121157602056623,0.032207851082687027
901,0.11774852991085467,0.033565179059962355
902,0.11616566895860087,0.27789148590885726
903,-0.0021996020367611516,0.4515063667363567
904,-0.11703624319036406,0.3566749723433556
905,0.11073360159984791,0.07153853908874332
906,0.19600085695698127,0.06747214429055913
907,0.15159115590833394,0.06845258980262954
908,0.075056890927389,0.22640075597018422
909,0.14540131626970781,0.03672465255265825
910,0.12255684201632225,0.07304798572908788
911,0.1680446791067851,0.03224047520755696
912,0.12505715656406205,0.0669208189008849
913,0.23303873407829692,0.070316357763281
914,0.06647002207327454,0.2342598110628056
915,0.15108428809938046,0.037771175086758146
916,0.08586894289026341,0.03310678327715786
917,0.08018393120405484,0.06557589286501335
918,0.18334416977665408,0.0316305364461965
919,0.12623608673705972,0.2846458678104275
920,0.12941046149082666,0.05876181421221584
921,0.13885693632424284,0.03405542751361124
922,0.10301561821548275,0.033437172609238994
923,-0.12452556837004043,0.2757261044563451
924,0.11068698263690269,0.03650026824690855
925,0.14124292556711537,0.030669588498723612
926,0.46803338044959586,0.38396200345719317
927,0.10366853822517244,0.21882939588620998
928,0.10811998629973694,0.031119163050725304
929,0.0787197190985457,0.06547892239214624
930,0.11908318618735567,0.061780589875452624
931,0.14265597209059952,0.03101021859934249
932,0.11931739757808599,0.034893926283345714
933,0.14117579998229915,0.032977082703091555
934,0.09868712704185426,0.2244044981052722
935,0.14372476619488453,0.0373562931313603
936,0.07100350288727617,0.2314489093105062
937,0.17278935171064352,0.24372972797622533
938,0.07435174949486695,0.034414925727474024
939,0.0877393404367289,0.03224325624700209
940,0.10876394836299627,0.06153117442233538
941,0.04536217027276587,0.24957271859730554
942,0.1411537777212098,0.03388815370857888
943,0.2792187964362379,0.30339661753524877
944,0.32308951433274485,0.32038032975334213
945,0.27704626541329413,0.2922493776917047
946,0.08308609386660072,0.031391028654951796
947,0.09925857459410176,0.06014052397769257
948,0.09887475297137978,0.03300068841816944
949,0.10990607781423867,0.06972416448228422
950,0.2413773031967297,0.0818751375471869
951,0.2114408106493478,0.06196257178373957
952,0.12312403346386654,0.2667875247335932
953,0.27072470253249775,0.2699459548386949
954,0.074546162527031945,0.0653930727232069
955,0.14363479031330836,0.08213999042816011
956,0.15966277892817426,0.06341035237722789
957,0.025006587000592655,0.061449464320436395
958,0.2243392669031011,0.06630638586168554
959,0.08453422736622904,0.03478249323262388
960,0.13665515124398367,0.06509331652061137
961,0.14202056354372988,0.03135102520092363
962,0.11596906220549491,0.03194831392381221
963,0.021960371245934446,0.20189368929089946
964,0.06020955082488325,0.03313280669873275
965,0.24999366834941297,0.0681947732831976
966,0.1521020268828272,0.04058306613179379
967,0.15749704215905183,0.06290439393100115
968,0.1244349468742826,0.23905136236952218
969,0.008251726880028724,0.07288764038456444
970,0.14227707747219298,0.2768531222385936
971,0.1971782623915039,0.2579524003553296
972,0.11589294062182867,0.030666691609474522
973,0.1419086763662148,0.033859231182207974
974,0.10444929640023365,0.06761038298629182
975,0.11368173121391899,0.27600845774309435
976,0.09474885131434747,0.03322084732784669
977,0.1565387059509483,0.03139947070778993
978,0.13960589094719983,0.03623111333761119
979,0.0629862700415065,0.2880776089918358
980,0.035557902064230644,0.0623273002192773
981,0.07553139738272643,0.03221273923528486
982,0.13917234722004146,0.07021519199060378
983,0.04068808543047022,0.06401168954209467
984,0.1472416787958749,0.2695145066030939
985,0.07658076617736388,0.03303083677724144
986,0.1278147446948221,0.31940708198953327
987,0.04061322586823948,0.29091266030957513
988,0.11784953499802357,0.059989250104667914
989,0.4511223371305574,0.2715592475426363
990,0.18598322157578212,0.06711075125575498
991,0.1599473347308968,0.28409756812841425
992,0.1051147214245912,0.2988528940584106
993,0.14958087824862598,0.20616724174756026
994,0.16423108646969156,0.06954053746630204
995,0.3146340594023236,0.2982066772190994
996,0.08414172135263939,0.03241445910340277
997,-0.08365943017006419,0.23480171499402266
998,0.09959775460025944,0.0342572939316982
999,0.09958676337572092,0.05895576668336702
1000,0.12554477319727164,0.03176128643560041
